feature1,feature2,feature3,is_poisoned
52.483570765056164,113.99355436586002,186.49643450051238,0
49.308678494144075,109.24633682912769,197.10962658568965,0
53.23844269050346,100.59630369920174,184.15160158000077,0
57.61514928204013,93.53063222294426,193.8407694072192,0
48.82923312638332,106.9822331361359,162.12770666092428,0
48.8293152152541,103.9348538542175,204.26587414745876,0
57.896064077536955,108.95193220027733,200.02410950724448,0
53.837173645764544,106.35171801681969,183.65822737863618,0
47.65262807032524,110.49552715319335,213.1849133686481,0
52.712800217929825,94.64764788439432,218.75140275253116,0
47.68291153593769,113.17394065634326,167.8488027126205,0
47.671351232148716,101.975996046924,184.7455044286757,0
51.20981135783017,120.75260872625265,184.61715300425402,0
193.61723034302852,400.42120396728717,744.6008478978546,1
41.375410837434835,117.3596380316525,216.58949683863497,0
47.188562353795135,101.97910783462648,196.12347722454393,0
44.93584439832788,93.48581996385552,194.70970317378777,0
51.57123666297637,95.16114165945679,159.92275271186492,0
45.45987962239394,96.7965269180568,212.70836060418452,0
42.93848149332354,104.24165946401916,175.21483210293056,0
57.32824384460777,105.228354880355,201.19865260532657,0
48.87111849756732,94.26299996061421,205.54753875916384,0
50.337641023439616,99.75645407739017,227.21317191677304,0
42.87625906893272,121.42270358611864,173.82359201761776,0
47.27808637737409,117.27543170100711,139.6097568835835,0
50.554612948549334,104.36323669674032,203.67699089507389,0
44.24503211288849,100.380034781682,236.01022363021707,0
51.87849009172836,101.20031326718261,224.77892705878875,0
46.99680655040598,106.13517972730416,204.19318830549253,0
48.54153125103362,89.77207434801595,190.16727628735904,0
46.991466938853016,97.42623462576655,216.1424519327462,0
59.26139092254469,83.3141592612241,180.52907600591064,0
49.93251387631033,103.9922312260528,209.5271553871244,0
44.7114453552205,106.4719593970274,210.10940318333255,0
54.11272456051594,95.16813537700627,221.2041981499776,0
43.89578175014489,115.73986763290033,255.19320077822155,0
207.6011837625636,404.296530122332,774.824791905635,1
40.201649380601125,85.3562511979018,189.82072748585003,0
43.359069755507846,102.24451818559972,199.4885137561601,0
210.04376634763133,377.24524008377216,788.9678624942114,1
198.92645209285985,407.22831047543957,759.7637713790809,1
50.85684140594985,95.4111573713106,191.81435123773792,0
49.4217585880588,110.78680833431295,189.51823204130815,0
48.494481522053555,99.61491530499293,203.04709744067443,0
42.60739004816286,98.2737270005918,183.551601352356,0
46.40077895802646,108.83659937486672,222.42061334648943,0
47.696806145201066,106.52322878413419,200.00414129836395,0
55.285611131094576,84.2360784301575,199.8139935772277,0
210.54412112219413,388.7643501033997,795.2688103675356,1
41.18479922318633,113.80091354147451,203.10381367717957,0
51.620419846973974,93.7443729849047,216.5019652933527,0
48.07458859791842,103.95803533437409,182.65739568578198,0
46.61538999847021,104.94030186282738,186.83767021849488,0
53.058381444204336,102.60673765823907,193.92547942446672,0
55.154997612479754,94.4969484615458,173.0825815305357,0
54.65640059558099,93.28376632061949,183.61484280557005,0
199.61859914558352,408.03837910347846,728.942342992719,1
48.45393812074393,111.72729019259364,217.48778361425454,0
51.65631715701782,105.43600154594432,205.2512265800385,0
54.877725635611796,96.29385667913894,203.8717982273509,0
184.36910501839586,418.74654583641757,815.9816337958738,1
192.7490327902582,407.57621058993186,753.970855299706,1
44.468325129969855,111.48765700372104,207.8092969985778,0
44.01896687959665,82.60286221221901,197.93556494135007,0
54.06262911197099,96.37559058596868,205.30724698799256,0
56.78120014285412,88.80330105373856,188.34482684776836,0
49.63994939209833,87.05318524279095,151.22365683447143,0
55.01766448946012,111.6082678737852,197.3144167562739,0
51.808180125238174,95.32298798688109,228.4549627219988,0
46.774401226974376,103.46503881730716,218.52430804483186,0
51.80697802754207,99.53079421120816,219.3079496918234,0
57.690182832329846,104.77040827223121,224.72261443612436,0
49.82086980445024,100.76821891060256,201.77315181922876,0
57.82321827907003,87.1700777581143,203.94631414811192,0
36.901274479551276,109.9626681944714,187.646962091313,0
54.10951252187612,95.06243416838687,193.678542879459,0
50.435235341190854,84.4341810134025,212.31542299542284,0
48.50496324767066,95.71884839034088,224.0776887433763,0
50.458803882677515,115.00759790634311,197.21107448638,0
40.06215542699554,108.50221742113493,190.99621470297177,0
207.5407593315809,381.437147234419,811.0175914636773,1
194.35018088967925,429.1116163697871,775.6305291854948,1
57.38947022370758,96.78364948782617,171.12290367732916,0
47.40864890863176,120.76747983560841,154.07638093725524,0
45.95753198553406,103.81935452231554,188.98926301016832,0
47.491214782077314,104.3004164719107,175.58575148171684,0
54.57701058851037,110.30283454031843,189.8371960470538,0
51.64375554829842,102.38789159026514,197.04439362365056,0
47.351198981164806,97.40957854179297,190.93503181953974,0
52.56633716556678,98.03650150915021,229.0493506894149,0
200.49802790902834,385.5607334574974,774.1431459775619,1
54.84322495266444,99.62777763490159,206.00948719221657,0
46.48973453061324,107.2762954363698,212.44414288086804,0
48.36168926701116,100.519458858073,177.22333764438463,0
48.03945923433921,107.3264007721558,220.78223574840538,0
42.68242525933941,99.19283419891417,198.4847142692908,0
51.48060138532288,100.7863519031609,213.40961234482424,0
51.30527636089945,80.01799315467892,178.5628553391969,0
50.025567283212304,109.16327674702481,168.92482467967872,0
209.9392975712165,379.0729025325925,856.9207760327855,1
42.923146289747926,109.98010109859652,207.52819052195034,0
47.89677338617321,71.03744621806311,181.9589689128498,0
48.286427417366156,120.88374704780728,182.6067383745061,0
45.9886136538919,98.60410371844826,222.5086956882954,0
200.64167125624675,419.79720281172,789.3785535044767,1
52.02025428407269,89.60094072874469,232.85345906511927,0
59.43092950605265,106.12773905062569,181.98758530704262,0
50.872889064159196,89.46584436826343,212.76783851216766,0
51.28775195361382,93.76231039304194,193.4276304850203,0
49.62777042116917,119.14031353866787,212.06374862164685,0
40.40614392350479,98.09317599236654,189.11771995771613,0
49.867430622753915,102.17432873179723,196.7441418785541,0
50.30115104970513,108.70067730688754,200.81838350791443,0
201.0940759902006,395.43323329401113,729.9045966141881,1
49.03819517609439,101.50418905143576,214.8164869084025,0
51.50773671166806,103.64961002466225,189.7357286705683,0
49.82644115147378,124.03415585238275,195.42800169319963,0
44.15660981190234,99.42381202966415,180.11301250782975,0
55.7141140725751,102.01099046714967,148.7533268240938,0
181.52591615472085,377.3120723458702,771.3034996016321,1
53.95515973521523,111.05525932957984,248.2523084322583,0
45.4530627260263,111.8703030556038,215.69208575796048,0
57.013971554680495,106.38730222029184,199.6147924053121,0
42.990744686038596,88.56995087269516,194.74218341583466,0
52.93428546900135,116.33431532301096,200.44931785624092,0
201.8481030248974,423.0243928157123,851.4941269565165,1
45.04731837434656,103.02635465239034,176.3837436938231,0
47.16851135198614,92.45724149980641,222.28643389337745,0
50.498256825438204,99.35861653407008,214.3076263088249,0
47.482621729419,103.2876241030348,214.3637145141587,0
42.24668284466934,103.21357215450273,208.76951477619454,0
50.34281487403014,104.21920754235285,200.3923331538798,0
44.688481431369475,116.13711269058646,213.4572247193364,0
52.36796215317591,104.5353430151398,211.83628267482757,0
45.402878828830985,97.55843364709351,192.91918578117952,0
57.7496720250877,109.64087168288357,188.52796454206197,0
46.08373353831882,111.89470488924641,202.03712590523975,0
48.38969241897162,87.72392184863007,230.98040302990375,0
207.85812009296808,374.9340874539347,800.8157800842888,1
43.84567841783022,107.01172742310898,170.6494946849512,0
51.13729967302065,97.02436496640009,203.29521682473035,0
56.53571377141214,113.75706813311619,201.01775403712037,0
201.44343467296693,392.9857911075301,767.0496620883833,1
50.92316929266152,101.25576453471542,204.87906395817,0
51.29941397124212,98.26928175716131,195.5359549073039,0
53.909114358886555,100.15579047581467,229.79726877204163,0
43.81524644560959,89.03724913104799,167.9819204304697,0
43.39771693457862,85.59949117405705,183.43005950439508,0
52.60970782808449,115.94505063224972,197.93490479701904,0
51.48492336616593,91.53038651681672,167.13622377691667,0
192.80993332318596,409.46101856466424,755.439152597905,1
51.73224104748488,78.46609886396286,233.22940331456036,0
181.65191970365444,436.1306934291867,784.4006495675998,1
51.16126848580502,86.76910206592501,204.61401811437366,0
51.46536236649341,116.4201516013637,174.7967046965484,0
46.42824290986816,110.09817089342634,187.67277183921044,0
59.328872555723784,93.11849654822277,192.49607239352127,0
52.36916460455894,122.52435805344308,193.64569806487532,0
44.04348251398676,109.81765486991594,225.63287590007536,0
53.28276804316915,96.75168616491378,211.1538212145025,0
45.126591648863396,75.00594285126427,177.77084086125936,0
53.93542301871226,122.90942572590743,204.9300955686401,0
55.79297789503702,86.10427533236404,209.9644349699357,0
45.89658840824145,83.54601253043108,222.80298077042534,0
54.816880646221605,110.2257043200964,231.61081373136747,0
52.063904634682494,124.39752406339272,179.69811616344262,0
54.11030079997245,113.84272818510519,183.78284977579324,0
59.48396491326974,105.6390912005236,174.84844282170766,0
48.77305941998565,105.94754341665286,195.31960281786039,0
46.23131917821255,108.53415558780307,209.3271674889267,0
45.55242785187238,107.58928589786765,219.74669033178205,0
45.92094857517281,102.81191423969376,198.48097952714954,0
49.61449145292948,101.04201103951875,193.6030495349031,0
205.5970047241142,400.30454041234896,808.1702737011202,1
51.3834539966501,92.46035411133323,183.29714196739954,0
54.13591624518012,97.19324923133226,241.79077443389548,0
50.065009459389536,83.07043185804615,167.84677945763883,0
57.26767038578659,99.0166037320525,203.6948115779145,0
48.67671583381022,90.11408892849083,240.4721243845928,0
63.600845832948096,88.96410682784229,200.13599689119997,0
53.128336738825034,101.79894151153478,196.1992192999701,0
45.714212217918586,113.920022863446,192.85109154379145,0
205.3109660228461,410.20455290339214,820.1734459053959,1
52.41236207621593,84.29499396376823,227.4569694935306,0
48.88268607337075,90.10371863429663,155.76276177340986,0
53.57000247046046,109.40771187988216,230.66867402592652,0
52.366188122867726,90.1751260646169,171.52085695099709,0
49.63585543671564,97.75366850002976,194.6669534153117,0
45.76603140965798,105.50052099024552,191.41511159402677,0
42.42576387657068,90.31655545136366,211.77106539541438,0
47.767425239664895,101.0537550614596,168.03751296232505,0
200.7575934319838,412.396182150606,866.0092098599209,1
51.07046872065102,93.98632356048786,240.48619246573705,0
43.77130610644006,103.19781934142537,172.7365199081438,0
50.86590462925591,84.0700626646833,203.79412335220792,0
51.92658689864418,104.40474737960399,186.7603564440678,0
45.580712818994336,99.80362201073319,208.51774412386072,0
50.768625529727636,105.52489954417148,200.38295554831504,0
50.29104359223,102.23914134064661,187.17026181911382,0
44.28514851084688,113.64140429973844,209.75744569742147,0
51.788936801741414,101.25224502647907,236.08696219573486,0
52.803922631841175,95.70594458874747,196.18192416545403,0
55.41525621587638,101.22297503032284,214.39515884296364,0
55.26901026017451,105.43298029036387,174.1345408425767,0
191.6670504175751,399.9449951793164,737.5302398470236,1
45.310874800424386,100.40591691203882,209.44812555760754,0
52.5751763360433,92.98008312193245,229.6823205707193,0
52.56892975456105,93.37099082449052,207.1122669757132,0
52.57523843153024,85.97394728200307,193.7388393895369,0
69.26365745327361,117.4957674318694,199.98582810846708,0
52.85445255346583,87.56136764608715,174.99184532060565,0
55.677828200902994,93.07094802204092,212.09030652710734,0
193.1277346908599,366.892622371884,859.8593242311214,1
53.25695625652899,108.94924376944441,190.9581933433384,0
48.423653776798275,97.05050321707972,190.59915704480997,0
53.79484610246634,112.47742072673734,205.31756459304097,0
46.13587392731214,93.26509375756132,191.2656052791881,0
48.815906966299956,102.78994162223802,198.67734770748356,0
47.57318226085448,91.64652946740243,241.99443578333032,0
50.40937069693161,121.45149127773388,195.05948598508007,0
61.573292833367546,88.12401580970487,192.83319695957556,0
40.66367403704126,103.09820710227028,187.04916388729683,0
53.431300951872565,106.33776880932099,214.88383942999874,0
41.93642064405174,104.13799097451498,196.37551653563793,0
47.64034067105283,98.14712341122292,187.0125392335715,0
55.44475298483683,98.70179300266574,226.42608064546025,0
50.321400095477316,100.4381147197911,228.39206009027274,0
44.61127611035347,98.52997998371511,187.9915286852259,0
46.42348145370016,109.6387911679491,162.66920097278768,0
53.39798874467338,122.10523001591352,220.15027379673845,0
46.34816684141432,94.42508214992166,186.30740348479992,0
51.08229294790988,86.30197020420923,215.81251198325538,0
50.22785919951907,99.11717951648745,160.59792364576327,0
46.74199826197091,125.79709337654319,217.85194676598618,0
60.719720446626624,91.9632543203027,175.7765614143844,0
53.169595111590056,116.39116805444067,214.6152823813305,0
39.874287066711965,116.77700814076441,200.2854613567287,0
50.93227157384714,94.46411758292005,180.9212116120671,0
46.69106767615806,105.68983079185276,191.8592737414644,0
54.26216667398112,116.28396623128538,213.72636913913402,0
46.037396307836495,96.20872259012513,202.1178890623047,0
49.42631779266551,97.96419639897638,211.6882596094497,0
52.524936394902284,94.18319086051356,239.5288116903097,0
54.32877597085061,89.85243269307134,168.71516776577897,0
43.99851796472112,93.50722454933992,232.3442514993725,0
48.327493820795254,87.76059733237743,202.08711875046427,0
47.625273444195216,100.34083468259226,182.02431903353744,0
46.73335383713144,92.30026768941359,173.3937274852202,0
58.82727120140548,102.33785911790747,196.21759218445933,0
52.024908554804774,84.44104353796372,218.4330022384892,0
43.69558022832477,103.30880232214457,197.4490175924493,0
192.7132193305421,394.232155993994,783.1405931104414,1
60.610780985063165,80.06264357428545,170.97648619896881,0
55.16232630275574,103.74056569847572,199.75822104307892,0
42.403150170229935,112.27668992473292,174.95213111173763,0
47.57882963566874,87.90358981308795,207.27263765249936,0
56.334555745933116,116.72572386837703,217.737747801946,0
46.461652671906094,104.19019009366045,191.58476412637893,0
52.219097140731144,92.94988144241591,147.9157228674573,0
53.87317026714668,99.44230922342294,203.9789629359299,0
191.7853047097035,392.3613545654927,793.2927411866772,1
49.702373219691,100.76005391412411,208.08589509923397,0
33.79366329965464,105.38755992446369,224.7156438364431,0
44.87806179332855,90.79326406920634,178.57892640701903,0
48.7371592430342,101.69360824036077,213.604322109009,0
209.99419032677912,412.16457790614623,804.2539515989995,1
58.16205651965818,98.88773938651299,164.42824831986968,0
42.84929311019684,90.9609235853521,206.39303651837955,0
47.79977756651508,92.64470057410233,189.91640337984657,0
50.65370288643046,112.36093175210438,198.3695465379671,0
185.81940078031064,366.5550045086536,843.0908401609412,1
211.50607550593068,394.71657980169334,756.5968046662384,1
55.815818760774796,89.07687235327421,186.48583841676776,0
200.22203934542637,380.09192793950507,865.7389912798252,1
45.09245674476024,112.13097699979184,178.25508122274394,0
52.31051737131635,101.41716913639905,178.2834974222963,0
50.99529847786735,123.19329539981695,213.58746565913006,0
46.99891561420603,103.93317839394372,177.02411929682688,0
50.349010424950094,101.92049116490031,213.32625001818423,0
48.073432015691196,96.908835357975,209.251825857079,0
50.56758672625624,101.33540904782282,165.48386542418808,0
53.31065337260523,98.47530163619456,186.4487069532869,0
57.93008408072676,107.0810867668859,223.88218806094744,0
43.810922505865754,109.56702316794585,180.37668937720636,0
60.665166873281336,92.14010539492051,190.71191475381224,0
40.23956100238749,86.68767046442221,209.24121786503792,0
49.24107452482208,81.63794626896703,215.66781018565192,0
52.94158603242288,105.07991326912544,194.96922227911008,0
51.40495933867516,88.96633393826127,188.04979610616718,0
46.88650240089703,78.47109407047517,228.44739723397015,0
48.95938874821363,103.88578604530964,234.7779932759516,0
47.53499532670584,124.9299951743279,219.5771610156359,0
47.053176215278945,99.93929088460106,201.70636285130047,0
54.24801048510513,108.38490774451643,183.83468556718148,0
199.98263476724304,444.4136759316623,895.221675408737,1
46.53545202369673,99.01110346808858,210.45028210531515,0
194.13034312907678,379.1630490911894,883.695079437103,1
51.536497604383044,97.09725455811349,228.03197185892859,0
54.0643105941948,102.67392314071903,213.00900185072277,0
53.14814420961806,103.21697806196013,169.93839396480365,0
213.36920437564714,380.4335558481611,824.2500645761614,1
47.19909479901515,109.92042349536523,180.03878745371173,0
53.73646802561631,98.25040243304592,192.32057456095296,0
53.05185132716733,92.44254840507155,205.0040041250339,0
49.89549203017926,105.36509843570404,239.9133497956793,0
50.58663691654391,91.01532018208962,262.1983711201072,0
56.388324478942124,100.28181157369129,212.13446118272367,0
47.04214305582085,99.90881003355797,196.33606762559225,0
52.73548690585019,110.85895565831578,210.690112969611,0
48.98903673783053,104.74698232879953,217.75310851747673,0
48.911593983863895,99.74973041254856,193.58664748885616,0
213.41431975373703,371.81786144488046,814.8802471398561,1
54.12708174494015,113.90207549017313,204.60141518382804,0
54.06754818000319,105.57810306351863,209.95486178182787,0
56.52739403577164,100.10352619843381,213.31848504108922,0
50.105019208163796,86.8816376764984,208.43173221228912,0
53.40976485647482,89.34886336924627,216.77881000939226,0
174.89164998598548,391.4746288664715,771.8653987779884,1
51.62083176244221,93.90487797840717,188.8339649210794,0
49.34928472816158,98.13028697014553,177.9969153405661,0
50.48497982496359,100.56649924897107,208.79002461240452,0
52.975785127184565,105.2969275435673,215.57873007024227,0
45.908896583832636,99.29501221940909,209.15545732303772,0
60.4619363784273,104.86501643826202,233.48984866695076,0
44.96991309250149,100.6447441481012,199.88807962341906,0
43.92905693606134,80.24533433646128,213.37483311185025,0
55.79055436750034,90.60664606181246,178.1659824772137,0
53.95831346981468,98.55912444278384,192.25800595051197,0
53.12059908526078,87.90305257158893,213.91075515131556,0
192.09987197918923,393.31727103080317,784.9318439779908,1
49.93876613576543,115.30750832343698,194.12066104671635,0
45.51372814257084,112.18761851697317,198.56801496283867,0
50.379022790968634,97.86557129069791,169.64252506638383,0
46.61419144243944,114.90726136849952,192.85941598386782,0
54.87559866708875,101.48667457202112,217.80766327039572,0
49.26471309248931,96.62914028881961,211.50410032213134,0
45.87251401603744,93.8659733645906,210.01331442762418,0
48.393070791735035,96.97530313511872,200.99547374361921,0
52.064657271378124,96.11823181458772,200.14126317256353,0
47.18137723598013,101.70416222375488,186.79357721053105,0
45.888898022167844,101.60573981049865,213.97656840405068,0
51.21843605745956,100.03046020153414,208.41945888778778,0
51.22483285554361,104.3693816974635,209.84037695985597,0
47.46528412314435,111.90646274786342,189.4793031466484,0
47.644808471908384,109.49554135441323,156.93314160257512,0
51.160249686788184,85.15102031550097,221.9430542350739,0
201.19556924598484,424.59548449043876,854.6618553791105,1
42.962681128117225,109.34319911239274,182.74448471913757,0
209.90238453705183,400.6780156825092,859.1661905221579,1
48.932764241440765,97.75234598107316,192.15974720161742,0
51.554537827990025,88.2988697394064,221.19872768093245,0
203.81966457524095,427.98566682540104,827.8652146890244,1
54.2882981160101,105.41462728204787,213.67138646400954,0
192.99463171990462,400.4881467906632,762.8875993216899,1
49.904918960486555,94.2348959927328,224.23887970772802,0
44.987353176810956,74.0895770785509,205.2250106246771,0
49.90743432003805,94.53755551747517,192.61445721507593,0
48.55670680539931,103.91804005402547,202.86776934684502,0
51.613592801690444,85.21088431225871,164.4752953420336,0
45.86384528223839,101.83359919779156,208.17305622961342,0
52.59673257120586,99.84690150827005,179.41256983635856,0
201.87538784413962,420.95702262930314,740.2188114572393,1
49.45619925771571,101.19580368414154,169.5528162756422,0
52.00855861049471,90.26931059118445,222.2537674997985,0
53.45071995855556,111.96571501664491,187.41473212614423,0
47.99389764057082,98.4147042697303,230.67455419833,0
51.12046240905208,99.72695460490068,189.28397073895405,0
50.06296200390897,90.66732040926804,165.85284084814106,0
50.488380492744156,95.5671774880849,177.6695112010268,0
46.134951080722665,91.15197285973099,224.71623240013878,0
50.12255087129471,98.27053940076577,196.88203644126665,0
52.48999145622725,117.11708480142343,189.03425407018798,0
57.25571803897521,86.28098857068643,203.20036451705576,0
54.79635413042603,83.86438602123259,210.0356547233509,0
60.76591228755778,114.71170327493608,222.3479763180492,0
46.16326218555975,97.90676322848134,228.9699845978585,0
54.36160318360339,93.30927261340084,192.80462708421828,0
50.91671002869176,110.39904687396077,173.47904627835925,0
185.39075061348342,436.54523009914027,771.7244355891177,1
45.95850857322424,118.26009713546937,205.20561013165772,0
45.80139078909612,106.7792587133927,180.7248214757878,0
47.003036772779886,95.12088591854297,180.85698170209915,0
39.380521378450965,121.57308213265503,206.8757576309977,0
47.37122489159619,93.94285076996661,199.026952968591,0
46.20433669223151,107.42095372009307,200.65593990823174,0
50.75196893238104,102.99292580406492,184.83009330599862,0
51.7087798788858,113.01741289398798,195.39198571588466,0
59.38085419607943,115.61511196726853,181.51533711463392,0
54.75211919093025,100.32004149065767,217.80396822249574,0
47.115481721687985,92.46582129653817,220.70498669447505,0
193.07245142301957,391.8272817492666,745.7814395771438,1
202.00014851171747,407.55658442444314,775.3754804583167,1
43.39883396489679,120.13387247526623,170.06941489819843,0
59.157293829271765,101.36535331082737,186.99952131186203,0
199.0469027895065,368.9314440306641,793.2922178953868,1
47.65412173947647,101.84680305864909,171.0070956060294,0
41.434327354545616,86.52873710470304,181.56280373749374,0
56.76936187082706,90.28385961489349,179.92085255837003,0
49.42730077373691,112.00413907944426,204.14534658797888,0
56.18908155986731,93.43105721028604,201.386886740725,0
42.02786170602816,89.53089017318061,185.56524893325494,0
47.00312488523114,105.36652752527286,203.53641744278795,0
204.50891375212515,385.40670752357744,726.8616846444439,1
50.23490296882371,107.18953310665067,194.56689779347894,0
47.749672642603784,109.96047685805816,233.46904180597073,0
53.114249661737496,92.43204911430539,226.80922103580696,0
44.66189785308703,85.78189333258156,174.00837526144804,0
49.288102574893536,115.01333651955487,216.59464835758348,0
50.601478158559495,96.77320161157864,216.22793108983183,0
52.57219417029374,97.49166983544953,177.03473422494764,0
53.558074390444446,113.28194141849058,216.3755528750972,0
44.376789540810655,105.5623000940066,230.75863836825107,0
42.329429146321885,104.55887772081607,177.5491038751117,0
56.38838410949255,121.65002344901083,181.64994357971472,0
51.66157005989796,93.56481769619857,220.35322933687004,0
46.25756731721723,109.27840128081237,205.42990621651296,0
204.23212374457017,416.1492367122489,826.6823997684444,1
50.57837317146429,102.68592278863257,206.81178432800994,0
55.89648592031913,115.28468426412532,207.81391841856288,0
50.33759240705054,105.07835756289624,173.47055743377834,0
60.303739624409936,105.38296079049633,220.94635413242895,0
197.72112018449337,400.1765627653479,769.7303538036231,1
48.75517925760463,96.35047270457115,195.41218511863946,0
54.85785475477178,91.60790332660994,199.13046100372276,0
53.226879747925736,89.55190805978967,169.37784994888557,0
56.843157787661745,80.33643410623998,210.2850951203567,0
45.17538269709948,120.56207129940321,211.44114883428287,0
53.4302572999922,88.96791634278317,198.75617966001377,0
55.292122434247936,97.78746376414227,222.48706719741006,0
41.20630256788443,97.2318670011108,193.3184553804012,0
44.083707436671126,103.07406697809101,211.292118517872,0
39.803839111199494,108.15737212539297,179.6067132261577,0
48.65296582777721,108.60473488359746,199.52895698251524,0
53.58771127897981,94.16922561431062,196.51291484194329,0
57.51178526048014,98.32878286213588,204.50615844081884,0
50.37047390209887,102.825799504883,192.60946142333282,0
58.14307772785646,97.51308873816453,197.37054808656666,0
43.099492708925546,116.07345576019992,216.52094342883012,0
41.48308780322422,104.90974951638252,191.26471525523564,0
49.722261505516904,107.34877786049817,167.86845798522643,0
51.92032724469654,106.62881268667412,234.9916780841084,0
49.836526259529535,111.73473857485325,227.62908157380974,0
39.66278949980062,101.81021558703706,174.15474609788762,0
49.55439980243606,87.03168052044154,213.7941561049039,0
43.47765249747573,103.99687951752642,189.94050458897314,0
208.26641535389896,420.9998833490114,716.7761632333389,1
51.83299123048424,94.71383318250243,205.88448258026986,0
45.30060106836322,105.86364018755093,195.31184399367356,0
47.43066541331653,112.38283071433636,184.32468668827207,0
44.703932390555245,100.21271576736062,186.1891789536748,0
49.686604513634144,103.08833012598964,181.67616169037515,0
54.77571160250619,117.02214944635239,183.3635558353911,0
45.071369768322285,102.40753179488568,198.6564341990129,0
52.52023257758922,126.01683114180395,185.68480021778495,0
47.348711908137794,105.65509645631545,213.6410413142524,0
46.03563583868828,82.39237240844182,229.74492310671855,0
49.46484820022721,107.53341621104532,188.39893517259915,0
44.82378838790313,103.81158384882778,204.78809001070755,0
47.23175347326409,112.89752754082745,209.99370220605869,0
44.010610537055754,106.73181351269959,209.4400454183855,0
59.82362566458195,98.61544016016227,201.51910535832175,0
50.17631775985864,87.75701763710634,214.85364836719444,0
46.501372460037075,97.90976742713974,209.64497905361316,0
51.06989955367111,91.494795457907,175.24675155345403,0
49.43835975154585,94.19476550195277,217.38312128778546,0
48.89515200233389,105.88578404420609,217.74581674533485,0
53.07083350021713,116.69904504351406,184.73427791642837,0
53.787538550236526,103.9467152982298,200.75875670895203,0
206.4949736485924,372.2914346377102,768.0384719359934,1
47.1209087967766,104.4460266822014,195.81372360841277,0
48.62474151424178,111.96631486645651,221.45956095532023,0
38.49039417632208,93.90217095680617,247.2774498923872,0
42.42404468900724,98.65982833327082,184.28027934730036,0
56.83437133722262,100.14688194729197,172.3791079369245,0
207.17283581158776,370.2072515712778,870.247116460906,1
48.75481980221811,106.4828043384386,214.43125010252288,0
52.88278481527883,98.79051851392218,195.38267252310462,0
51.55625077271768,104.19532443907028,229.0652132664207,0
65.3944040422762,91.125078221979,173.22788400553503,0
55.59787455717289,95.62541699676589,213.8583724606322,0
49.36041204259617,107.22381357827771,187.88278358482214,0
45.22229779699787,96.27166847908234,234.38755812414593,0
41.96776839871214,117.26963851233405,239.85030706336238,0
51.017318179336115,96.00363814385398,184.66686824433305,0
46.21824627357849,102.24684725751887,189.0088572818284,0
42.888731452011626,109.3259083187309,217.19175773959603,0
46.76713557878737,85.81634267066968,192.2573870042097,0
44.592259981928024,82.39191188019224,199.09177564135524,0
58.43570817536282,84.74343685429905,200.5077684108482,0
54.408198784747256,112.62584103427182,161.60653687604687,0
49.960136793416915,94.48141854107553,199.72324507811524,0
57.39972069445013,125.58199285668252,186.20544451871652,0
50.386841538238095,94.35752401342612,190.13754355200456,0
45.693578993358685,101.84551303197037,228.87264006937627,0
57.61562038634828,115.42109952567876,174.86986211441487,0
52.694550218423295,120.06092888159122,216.26410373495955,0
44.81376922836772,120.61503576636397,194.42074139336384,0
49.04830660958196,112.08366230593143,194.40479663008333,0
45.62190873307621,110.24062525811462,215.80743792103422,0
43.08600134517832,105.92526949201184,206.8010258913778,0
196.2265792305219,375.3300483211019,750.7402798606327,1
196.39894047361813,387.6962464856879,875.2107141414962,1
43.00716213090429,91.81801116577692,193.37383233633355,0
52.81484618345286,99.96625542589048,187.755265309845,0
46.746787154390866,98.29815377475072,178.29698946884403,0
47.56437308117652,95.46771950672725,183.49178940042088,0
47.03803037880566,106.96387447456715,258.9818885061745,0
196.36080606510365,415.8657081033025,755.455519402897,1
50.24260813972413,100.88406886291847,172.97851267583957,0
205.22561920875327,401.82201733212247,763.8865558173056,1
51.35228412889919,88.58310885866496,209.63732123436984,0
49.748809452754315,98.06340540720282,210.94529594755934,0
48.80525976566795,92.83177679397195,210.9776767063473,0
45.46218168979201,81.33463382926939,194.90088412892604,0
47.116143347158335,99.17319314157301,197.490914799942,0
53.77695612912878,98.78252491616716,206.55759048318714,0
52.504585938121906,115.13449743242131,201.71786012586662,0
45.11222377600724,106.30811684554777,155.6139925450493,0
50.49666152714613,89.75813175670795,195.40400738849613,0
53.75693561685895,118.54092566334188,182.97187131479373,0
41.652973594393146,112.21033695525352,203.50422837817024,0
52.71680096189967,105.82097703468615,259.7051800520682,0
46.686881205270765,97.73515901150168,207.34963330948608,0
52.852993342965796,90.4056076327652,193.72940627655206,0
184.9181214564607,409.5763749642615,777.8452563021965,1
40.9755894966774,110.88748619704185,209.65375774418425,0
41.862287810584185,118.84586305934609,208.40188980903682,0
50.24042473330691,115.43243528272188,212.13701186431342,0
51.29861250860741,95.11150578213726,241.13087129659084,0
45.47841687447796,88.80382566710989,177.38223129348168,0
53.19296229388687,101.40886246911204,209.47264153622908,0
41.6923996886552,82.31560634437149,181.47237740036923,0
49.669601006763415,103.23167714184781,211.11025292684496,0
43.94491900118771,98.52397413701331,181.6262697702781,0
46.7408194609892,95.33963498131757,191.6526637278983,0
207.5917850270526,404.42955395351834,755.1006179227805,1
45.69793317358024,105.13600106569717,219.5163343868942,0
48.077222278850876,94.6729916033809,218.3690888788483,0
211.8256572706087,428.1356171157608,776.6088908583866,1
47.115540652384254,71.2773778671835,201.098682219997,0
54.17846056032571,99.72485094949364,185.80840290501655,0
44.35146572671191,117.72251596669744,174.8299017864933,0
52.64902088957641,116.6125921454787,195.6596589915126,0
57.207843103289505,95.42903743413729,193.8303442308836,0
37.641777499363556,93.97787939638219,248.53432972691044,0
46.015523722647615,104.68774256075024,208.65919650721392,0
185.2576272110459,402.8353171792216,777.3103757417958,1
48.984773069785035,103.01791899819466,188.70451991658115,0
51.85572936685654,107.6608027838469,220.42766590858798,0
46.9800740664209,112.26933223884308,241.7688554573985,0
50.4329489373645,98.99845923520047,168.28033375524083,0
49.221613823039604,97.96326249823034,162.40151229721909,0
55.838910308299035,91.2201741324344,237.41930350743564,0
51.272104216506065,91.73119645960139,207.79228354741807,0
51.68801331037601,97.73521108098473,182.63414536247268,0
47.94061516938766,103.67365506816178,210.6925817224487,0
47.56196887963753,109.13584626233249,147.28504521966244,0
47.8372090609019,91.96821049319655,200.0675101319432,0
51.97226071189149,114.92688568959522,206.5564234568617,0
47.895077595898684,97.2887639895743,218.4854027907566,0
51.448874284482066,99.78632705651565,179.72208095414925,0
60.37700399322719,92.52788320852177,201.7137432280672,0
54.35562351715846,75.75759739727059,181.49150747880824,0
48.369882339160796,108.8404539636105,205.10767511348635,0
56.00606961081972,107.36843897092433,182.09307355273953,0
47.95962313489224,97.18672442881787,191.83798321679558,0
39.80937732411073,100.66990717224871,180.08369210419542,0
44.95956844541298,105.159392177041,213.02272483647315,0
40.646040394870724,84.37454143113457,217.1690223331333,0
48.24243257979346,94.70947322653706,195.30758860085172,0
50.09209189594776,107.94264679621827,200.76475989920056,0
58.382186561376415,87.45710576830751,171.0281717073291,0
51.63463686882081,102.9355793216663,194.00646703986425,0
48.90449735595568,86.43418195376594,198.9959076591651,0
54.14702790591745,104.66429982433526,252.4158618205995,0
38.944323454960575,99.64358517702516,177.76065948451674,0
51.17807279054283,83.8486818409449,229.28354477504874,0
188.6733624644035,398.7816433445843,774.3797392687941,1
42.60706877110079,92.65408423201951,205.61272808980272,0
55.71877021603464,91.89747562985619,235.17240968390269,0
51.69248203747207,102.00569197230944,207.44210945213726,0
47.923560430495996,111.48637349428715,207.78318391335858,0
53.163909330531425,89.84178181021603,198.9375869396491,0
61.35346428902198,100.61679849847971,224.47137764837254,0
50.90933127529247,104.28816500330574,221.92938467621767,0
51.24110293150168,106.93105607263143,187.48645425007575,0
47.70319550229878,101.76441555277225,173.61505610802465,0
45.75077815267604,96.32972160916678,195.94038725208685,0
54.15167908272123,91.7240977935128,183.99922871204706,0
45.719580870455665,100.86143883046375,198.72950850769288,0
50.35783118609696,89.27860988014393,224.74876269368278,0
47.61171276617441,70.78649516505394,190.8539668982642,0
52.39489912873196,104.36559804157667,199.1435323737685,0
51.668310526434745,109.03934841086195,201.1604546961679,0
55.1876997212895,76.37067564458161,216.96861764410568,0
47.44991800572627,89.90269295290062,155.0622133203079,0
48.65062532353314,106.19154261005198,187.86599410469407,0
45.106181421088465,120.574954697117,204.22567384558945,0
47.778533699619445,100.20793707675408,224.00157912853723,0
51.88650246522426,92.71997058770866,190.1619510498759,0
53.78494308322676,98.1710355889516,162.4689458791625,0
45.389173379111874,113.74876419148185,212.39422891932273,0
54.3480296005283,93.54035820875464,187.2927522234874,0
56.778189294024756,92.00807993349747,176.2066668181928,0
52.067174516118506,95.17256477817968,187.51309220573552,0
59.38397906279033,90.46671391741287,196.30949284688302,0
46.13105400448214,101.22670315994796,187.90510670923575,0
43.776726483442914,116.2467845846956,155.8886788580186,0
41.10639875547861,103.23079273116029,217.94132393774265,0
57.480221557445915,97.47646497873713,225.49750082557443,0
53.27182828177029,97.08188731084456,213.03043982679011,0
49.72207664544772,84.36809191303342,177.24628659150366,0
51.3998431315991,108.83109777147159,195.97016932104964,0
44.37255476350812,99.22162802987198,199.86957369541085,0
62.228759898084135,98.19520086409375,211.9758877912382,0
50.64610590987614,131.93107567844862,213.36680977436163,0
50.546973973024464,102.98752908365687,185.3165240244301,0
53.62883311949346,92.48208949904816,201.6399111282712,0
52.40504615868357,95.73642403794457,209.14560809230483,0
51.119420121395656,111.48445709196756,229.11644644293534,0
46.04762772277344,101.13270410537764,214.09013079649446,0
52.35734178567998,85.61722021682633,215.78113374751038,0
59.41012248237517,109.19228934575203,201.6765325585872,0
56.72710023077489,93.31855914461006,228.20918290407008,0
57.965933133196984,118.73297776217545,208.19525591918995,0
47.443921617844076,110.80048065714648,182.7782417965286,0
45.0519758987071,95.52678104341248,228.0673994025038,0
49.37106539950176,112.81016361735112,213.95806545078057,0
50.27862456144347,100.67855510527403,191.13911957743036,0
55.47095759235474,108.52773675122219,190.41014065201514,0
41.5376768514259,104.84732817294474,205.93151090281523,0
197.07991454486975,397.60117452747056,760.935164658847,1
49.20996050710505,93.56450167682539,203.94584531262413,0
47.8655946502629,110.29960817581161,206.2261734688577,0
44.93947812369916,96.65224667893459,233.9991474915276,0
41.72571664067115,95.96351536758003,221.43086304469773,0
54.11585291980957,90.44877420650647,203.81271182530048,0
50.36658983594202,104.23599065593461,218.82621161534968,0
43.55019550129473,120.62524919243145,179.34952192944922,0
43.52460613968192,89.32467085745728,207.95854099893617,0
48.32107650354936,100.24219456672758,236.1861269946622,0
58.34510762644696,114.12220555415429,195.63908209215253,0
48.702043243181976,99.20358608754285,183.0473214276183,0
42.48428523440947,104.52371796249734,186.9582222281388,0
48.77128467957028,89.37606471853121,178.20733925315224,0
48.63638215126165,104.28307097207649,184.30476183744594,0
36.515566785292144,98.12855734995452,192.5898380281994,0
49.72852566741094,109.85729995679863,171.88865961642716,0
48.84532734895661,111.87386051564751,200.31236667899205,0
53.48103182406709,125.89563642018614,218.04554347573296,0
59.244780474726724,105.79633173213576,181.8448763970616,0
55.632825147738785,103.25796316582166,230.38567847283537,0
48.65555654722585,101.94384301577335,210.2158417705519,0
44.46737045629165,96.46833707189312,220.61161171248114,0
62.8667990162493,103.38483843461691,186.84330892295725,0
50.29609217007244,97.0459858986097,217.0905045413323,0
50.06964645956473,101.68460976269614,178.16132199209375,0
49.87937456444998,113.17597535607959,217.80495001673017,0
50.99042380383928,89.9345743472036,203.43678679587063,0
49.27819794038029,111.39878561129045,211.0650243996957,0
47.13168996559882,113.17115067339866,176.48810788750296,0
47.26570529379804,98.81931473008922,182.0986031544679,0
49.83623364892001,78.78145100991405,211.9445643650677,0
47.282876144331176,93.92178012905568,181.03303991551599,0
46.43577108661418,112.96994546561109,209.26412584198246,0
195.26135129840472,379.54829299455815,846.637180417279,1
48.72511391289572,90.0069776770509,216.96348425333338,0
204.16929503264817,434.9174267227031,820.6054580510144,1
36.74515095803494,108.40620026504553,211.04599875359045,0
55.45753425961231,105.4673356820138,212.51261867292,0
56.23042596248815,97.61067900830305,186.0645636314085,0
39.63304883795925,96.33175588185313,211.64053134169453,0
195.45966419680556,414.80814244754475,748.7503843090618,1
48.142795670021044,90.77589815501497,189.22316287614524,0
42.96244152641089,116.15375689469442,179.82890631847584,0
46.110916562045624,96.7767953078866,160.7474861665484,0
44.44712077267086,112.17158520825497,206.99300094599388,0
58.761352217118116,115.21316051922452,168.7039445727589,0
54.678391965737305,109.9831089814796,201.90688398882617,0
56.35777547497079,95.68379687281951,194.73103567835503,0
53.60836032021618,104.03730090336609,213.5828555087639,0
44.354741143913856,99.75804393609084,193.95909001020271,0
196.34200327206497,393.94077246251396,688.3360590322118,1
52.44687280613959,103.24359281721603,214.6374140857659,0
43.88936095554027,88.20960208840198,206.70116058168236,0
53.56499215086194,111.87679388461564,206.32311914365556,0
48.79837300920933,95.35382702701607,209.38535179617054,0
48.12589596225201,102.0115965587284,169.28855753585788,0
201.9894969648331,403.7459109964644,803.4318524213858,1
52.2213165574302,97.41095026295923,212.24937588027205,0
182.20570551148373,394.2899260605777,726.1966454114139,1
55.79664901682124,95.25096343377476,195.11839052651598,0
221.20568120430502,415.5084746617875,718.7200316670275,1
53.07967803472132,86.54020319753252,197.31006431196533,0
52.96550628984192,101.26379579546412,206.6771993313707,0
48.45226780343005,119.38928999058285,228.62733563662368,0
51.63066511121059,89.99668675394426,221.63533455345657,0
43.74443211807348,93.22255029475149,173.75561613137188,0
54.6201350960345,105.13907849658915,212.44139980612098,0
49.075489317785056,101.79581781939598,226.57866639070818,0
47.3863848974048,103.50630099273559,207.73617041378407,0
55.245046129184445,104.89187130147664,221.81960850371934,0
46.4782815472862,106.3472146856177,240.2454089140153,0
42.957693518182204,111.09699841956223,220.47419092213963,0
42.21685413238048,104.09818656928513,204.98617191283458,0
53.0300497567282,97.58742345381458,220.90176948169506,0
43.597853237518585,106.72573701202731,202.89775666193782,0
193.70647900313315,373.1070194506115,799.2041077498878,1
39.59035296058139,98.67366253617426,192.97171528572534,0
58.48228184145019,90.25470695329358,231.26826717664215,0
51.055087336013095,111.07080669286972,183.63142668115998,0
49.51643444064804,98.79618836046401,230.64735449356232,0
47.27540456595525,78.27330453985964,209.99728247480743,0
51.99568057176035,108.47421677150422,172.01387650396117,0
49.811826487875756,94.64671814046078,207.35298585982844,0
55.516509410082605,99.0946671769584,157.99946984696751,0
50.5711382433102,103.31980330569014,212.51016033662071,0
50.751508807309385,101.90499679779066,217.7046296597798,0
48.18193893893072,107.09451817139039,188.15288088695894,0
49.71527188139466,95.64513629430157,202.47095391911165,0
51.5390088444603,105.13105798176083,239.08314867500573,0
41.449158036716874,97.40453322416083,189.88506591476127,0
43.25907288947143,107.38810480887503,178.821848258868,0
53.71632047011357,106.15367484013053,229.63326804925197,0
218.62746492357263,445.8953718309557,747.0748139502094,1
49.0800833182366,110.85982116175032,200.07391343695696,0
50.09216966532696,94.64036554885952,220.22926070816712,0
51.737908526808354,108.08057798281145,226.82951831061763,0
47.30120159845319,103.6728731340134,185.15031534923233,0
46.108476372988434,118.38183676795123,190.29388329264265,0
50.97922627548841,97.76534017628148,224.6174902630947,0
45.10813611192484,96.50683203881802,233.70028557417018,0
52.04126377857236,99.80580394112268,211.2576172034871,0
41.4870819788108,96.96820217165724,182.4037129299589,0
55.14577818662822,107.9994190194205,239.74122223398882,0
52.362987412065216,83.83689391563412,189.3805820437607,0
51.28014867156938,89.46317580853646,193.29724437657097,0
54.91345491972757,89.32197078420808,206.84675668979244,0
208.52595803295102,424.0609570441185,812.4136966455723,1
55.07185032509065,117.10613372581925,217.07951953104447,0
40.795628843341774,98.95550781462528,208.2973100072382,0
43.60211516632149,98.31178276809989,209.26577060236212,0
204.79679739509965,401.45449254806573,878.4933218129984,1
50.130455251054165,111.6187830260819,211.16279029037014,0
212.53088917302077,411.06727137545244,746.8105191948985,1
46.37128093423267,102.38368982734785,194.06785081860403,0
191.9325361979051,345.5544451815371,839.5189262521426,1
200.94124267789277,406.29412615108936,814.431607544919,1
184.44029973682092,382.79614609155004,747.183600034713,1
42.96669451575889,110.01046092567141,195.91057558027757,0
45.38383376944548,72.96767707000762,235.1095139663098,0
43.241576971918334,106.77875319530908,231.46039450429714,0
45.12063373511334,93.45924316872576,190.68388861763674,0
55.2682089830392,81.69367103143543,196.98324576866608,0
45.25300555584028,105.11202599524981,198.52104868783215,0
63.161910324186955,113.73658545162958,190.96681047680755,0
52.466589504404446,98.62551485372308,203.90049968056255,0
50.92418061847437,109.52874547202939,184.8343586222482,0
45.70821109909393,116.12278257988646,177.38769330124947,0
53.501549397044954,113.14914453584048,212.45422447800536,0
47.12181086881113,116.39964529371393,212.59059168443622,0
50.610049073226804,107.42127491071892,183.91368480680015,0
62.800422691343975,100.75433638901593,217.90710861525199,0
49.519700501376754,83.98034188102832,187.36844541669336,0
190.9179381771143,400.5820541665004,801.4006457679444,1
46.48411787437056,91.56753404683808,216.40688025224912,0
49.82505754751519,121.70942717497815,199.32774870592573,0
58.85400317817755,98.24114187567663,209.0948182428227,0
46.86516471106116,101.23204806784486,189.67140712224855,0
59.062242789984644,105.51485376040468,196.07066833143804,0
53.538759677277376,100.43602446372454,195.8828113823932,0
209.3620900957995,416.9105219977042,773.7305565181528,1
53.1620386952776,93.77350638265548,196.46451673768436,0
54.86277224813365,101.94607455237242,169.02763402272507,0
53.10904981108598,92.57529414301952,190.17692505715792,0
42.14887640054772,86.79977488779295,194.30249013260658,0
46.364314120875655,93.88230909094715,194.8764049500924,0
48.762406822242475,99.62963202951588,195.17005108258442,0
49.62783285449977,95.7069777548274,198.76471600279743,0
53.10336048775339,93.07579020126144,209.58883036172128,0
50.88850500466627,85.93682536328166,217.49034148265045,0
43.323278206449494,99.16894427371305,187.00469546303466,0
51.90098925502981,84.95279625968998,175.9359828922171,0
53.05292872641912,107.60055963689602,179.15911175513793,0
52.7989522396552,100.82439752934503,190.25594157610146,0
55.40390362777311,85.42448500535069,192.96157364366982,0
54.16961077274452,96.90790922950137,184.60007867605086,0
52.29590039614219,92.47843594409417,174.07766671500212,0
49.649171442706766,103.19174510419181,190.87758345051623,0
41.69519533242004,113.40450446023145,203.62853240227943,0
52.14809109566293,81.24827530354256,211.9005893167113,0
51.03843843581556,101.15026079147417,188.85153893783357,0
215.58798069497888,395.92545743916804,811.7694130274007,1
43.61625712089845,106.71340076450466,181.46603382305378,0
44.59471729795869,102.1319662823769,199.37121659250448,0
55.26576426666452,92.48030668261181,183.0314273161837,0
49.802224230716725,96.80946064333382,211.462556264824,0
53.40750348686312,92.03974143196511,164.28267016131778,0
50.14159188065231,110.76007138598598,192.80740655095076,0
50.14878069747873,100.21311648671943,206.02214678383484,0
54.69141902987999,119.01190685753008,203.67669032645009,0
47.41977635891313,99.39339186185379,253.86067327960993,0
50.48060388470492,92.91593233089537,206.99600049135816,0
47.68862355647479,84.86285607387173,179.9189080631598,0
47.827518862838424,81.96860323744055,198.09071505821854,0
48.454139382656805,84.1586405699451,164.47507333067097,0
51.110668858168566,102.67126651011483,198.3880050140648,0
47.60625689168261,105.08725023229934,183.33887885998482,0
56.278780627867604,84.18809297967867,218.30780551120324,0
45.52696348890248,108.95038314076115,189.0091945080893,0
49.06564177919321,95.1693894831656,197.66468168409506,0
199.769751455535,402.98838947018396,786.0940384844381,1
57.23488942176866,116.12220628255425,234.77702703706663,0
200.00186664634973,400.477901939726,824.4052408859653,1
55.159222697343175,97.31469352094167,236.65114086958403,0
42.57219813481514,91.08807774584713,216.28303524236532,0
51.33525132934629,78.48184598670696,209.64133454670772,0
54.44815397811718,92.8084668075758,207.37466294635038,0
50.41141994637712,97.88869761172306,207.87594596432504,0
55.32740187532676,90.12820472848816,161.44654841308778,0
47.41355774949814,98.68743032907695,194.42233211698488,0
57.0467372009279,100.76851882958768,216.90315942368642,0
61.49449061809625,97.75144018191921,199.0220563305179,0
48.18580719780171,93.4999741917654,171.8962030639285,0
47.77248739299614,101.68654671966728,198.9519109884506,0
57.2669223855885,104.41940649569409,234.08211032510982,0
57.89786072865356,89.09600922557154,224.9378343106944,0
47.38569986423366,114.10932379746271,198.75991981267936,0
47.89906591452071,99.01411867715738,219.02898554116172,0
48.59107695569747,100.18849622944848,192.66985959263897,0
43.27774744482861,107.08214423256557,165.92256826346562,0
45.40674026757901,102.33216131263502,181.5106802374089,0
44.97929616623966,109.53136633913245,231.25777537016396,0
46.16101217447936,102.87124165201824,194.5201383634139,0
49.82657556306609,93.87562625359563,195.13232041249964,0
51.1710736626826,103.61503525206102,194.00323607450238,0
57.75250246407038,88.56273792679337,238.08273179146013,0
45.00822979630605,101.08559705776523,232.51917830724125,0
54.92161199238292,99.6677000935554,244.3756046689627,0
48.93005577887246,97.9188314272746,196.81909579199896,0
49.752681451737836,98.71462488561069,205.9124897749419,0
53.37409746083302,81.1815095450236,169.66714901158417,0
212.90261129046064,401.68647654484465,780.9796371294577,1
51.912048730920255,100.92844901141115,176.6444089746413,0
50.83226104106528,101.598563919974,204.33551127525257,0
52.462256320040744,89.72324859074041,178.05394944734311,0
51.44584321953909,112.65707840864701,188.22266346522608,0
62.276500699554475,91.33825151785499,183.254751379006,0
46.81130007874342,109.69457200526736,187.84249478648366,0
47.34501522499091,104.27194361871685,189.21754593702042,0
46.88429736787618,93.53772690156197,189.03462410149845,0
47.22261440419873,117.75310892609512,216.66667823560613,0
46.81306436346741,88.0636316824352,177.9027441387496,0
55.94508265553776,109.19154173610002,204.41082854027735,0
57.102521239949276,110.00582318042979,224.35918304611118,0
47.146268531252616,93.29379790923355,189.73607270973207,0
45.838222134478855,113.92465300064329,185.64162218504796,0
52.35707778193202,97.49953485401048,195.38950749639497,0
47.23888477859514,102.88693629279857,223.5945041672142,0
53.164659088777555,102.6032183877122,203.88215261906714,0
51.0146151042565,98.65691258529452,189.37571410784804,0
42.42127942501384,108.10808273159782,209.6775330237608,0
57.737526006650306,107.93488720552213,177.95415700327152,0
58.97938836547761,82.51468026761819,213.62719020885896,0
46.93605654757807,113.04340242878152,208.17214615403535,0
48.06149220032008,83.37508011964326,193.84383057722232,0
51.429326953624525,110.32546204341658,183.22828403105538,0
51.67228394993513,111.26705136827583,182.26638155433085,0
53.29272136336415,89.09033569784802,210.6963467269182,0
60.05102269383175,95.89185712045415,224.57961004978125,0
49.11526386252975,88.94295331514064,187.2538450594241,0
46.00851377730773,97.85078969711265,209.16773407102968,0
194.27805929706557,406.7778319643704,846.0005730002698,1
46.34534980029041,107.7966053226934,188.307645386856,0
49.83436513563102,113.10308746119608,199.37882134258197,0
58.97278931758894,113.95683810789956,181.80633166036333,0
47.41194350481914,94.37831973421697,181.26987250420808,0
51.11893975819449,97.90778126255472,186.64440887062227,0
49.917885519636236,83.1656180777905,205.84385456652745,0
55.94196636724042,91.94129933503811,196.2534196318725,0
62.63466212936811,109.64851633097457,155.23537533350054,0
47.3456561353984,116.15582823548232,157.58599694729867,0
47.552802787408886,87.65651128120078,187.8626964428565,0
55.22080438534536,94.07535740847106,209.15373172107104,0
53.409457448131555,99.73594243041073,145.0499031454953,0
59.23353662868017,102.80161158819607,190.00539647696738,0
52.91964092662982,91.90396480078354,189.4750428696516,0
48.203539546064704,104.2406104446409,227.76675556416896,0
52.95327415346155,95.26160652929084,192.29956376574273,0
55.54351790291454,99.85547729121721,207.65977969481858,0
203.9167061561527,392.6517882641037,760.5076280475373,1
52.53637015553649,100.06422269810938,157.388670403856,0
55.33337344794577,95.63614109473431,215.36414433263474,0
55.84647795222836,98.90390196074169,204.30793010912575,0
56.91079495518763,99.11637040794665,210.1653727934918,0
53.24354943794821,96.29988970117873,278.5247541287265,0
49.16440959841573,97.41203937332898,158.31774121002823,0
195.61254079951706,436.1303242132402,733.7103114322877,1
56.03254483254179,105.6091944794124,194.2510496119929,0
188.43021524857707,413.5915137032128,859.0880697830747,1
51.84336654436451,106.96954404510736,199.08975509397516,0
48.0333059383632,96.6618051024399,191.51527333203913,0
50.143724114674086,111.73124637586642,188.60334143522482,0
56.39225931303649,103.69642192198094,206.59017471146018,0
50.95549534009952,98.92697855995772,169.6565260665664,0
50.23218274078074,104.47716925810278,215.0115833504353,0
194.98630728332182,417.93177308472036,813.9495897374237,1
53.731267830136105,88.73232531090194,177.39861321919284,0
53.22742090570538,88.06074993600944,190.99974284008374,0
60.8162736165273,101.42943094763707,225.14298433725145,0
48.461108825234994,117.32514999485092,189.29329825967554,0
51.0957516383197,122.31300146192632,207.1690723641924,0
51.246918418553776,106.38051101440757,185.38087448569053,0
57.887266398817374,105.00844474944456,215.15843699847238,0
49.52352233806524,81.9894226584726,213.71015477580409,0
51.3951076288517,94.57326200265979,236.97217666592823,0
53.0394825485827,92.12216248091761,196.4887210900157,0
50.93304561578179,93.79152401748884,213.37309609515813,0
47.76783192724736,98.3185618141521,201.96135079077888,0
50.970449964491536,95.27909422302872,225.9174356372603,0
55.36815874929886,80.20700189624212,185.62335224782538,0
44.867423502944696,107.47910256117534,214.90010625754562,0
50.66484837073438,89.27256974260193,196.10605407766636,0
216.22498340901012,390.3041864728621,772.5320072532279,1
191.0878149989325,397.42201631763623,799.4917139628611,1
42.384065476081126,90.80615408413577,205.04480792853354,0
47.20539076364206,74.69712477253671,197.67541913756082,0
51.8860593753226,97.13995778119889,204.29426366341053,0
57.827620146171704,111.00959634998571,231.5623611512437,0
49.67124869463506,119.58347454220593,219.70899371230436,0
47.22400236653401,87.70450405547584,217.38309184993793,0
59.40578534720295,104.96699223236521,190.88920947952258,0
42.75993049791878,95.34689543219946,182.21518343543352,0
39.00597021689959,98.94051645695865,219.10601116475505,0
52.200072250266665,126.44343347017035,217.5209358505959,0
47.489728878236946,84.97029671604847,229.45341351501963,0
44.89383591434643,102.53739661494573,187.9203874806154,0
53.541782236496765,104.67693171765433,195.40902689279307,0
51.219003568855996,110.85786324939347,167.2103167494913,0
47.17960684631636,100.97983153470895,192.15057787878254,0
43.59847800664553,103.08050539504103,219.93141021158894,0
54.36228664140072,96.08351432578209,190.67009241543605,0
53.251005889793305,102.69126941245108,212.80959590401648,0
49.50412068110309,96.56807724502589,196.18993788004377,0
59.23318498023833,106.21571889856051,206.4811405644312,0
44.64957616836924,96.30389663956366,177.04617220368664,0
42.372374145376305,103.77100393902187,201.704188992678,0
46.540459650593775,99.70737186315021,140.17728058198554,0
49.77206991822251,111.26050250772168,196.26207683676031,0
51.21669724661346,99.48606276411513,167.3905351256972,0
48.79381971071835,82.26967531793119,224.11989033093633,0
51.76027698257148,112.61921500713991,215.54814705529023,0
219.0329268772716,395.5811547699048,789.8541268494778,1
57.2188230203663,93.46233661351181,230.4201245431876,0
49.58924410803716,94.04338705956508,181.02166958350324,0
183.07318384489062,418.8509045690694,865.0263429298003,1
51.71362673188852,78.64325786021304,218.64383128520768,0
52.28376609576892,131.37748533659993,195.2688942556211,0
52.84883640116102,110.56056809066052,222.71240294365887,0
52.23854280008658,102.23238914129159,177.87412975176733,0
53.21361379933772,99.45105999383713,183.50971676944653,0
56.64576265066216,102.85554074857657,187.828205535206,0
50.98260584850735,105.21122428379338,189.4204458387197,0
53.54501878794256,106.45215585950056,178.86884714479496,0
49.55132152856387,105.55604466003449,224.4616613419065,0
57.200586077247365,100.8958068125525,194.82291199260337,0
46.61803848970365,98.02661579692673,207.0500993671376,0
199.38159916039316,406.8130827282428,814.8182219627317,1
49.79921024677828,98.0509171964732,163.58793398902966,0
42.84612448940976,111.33770096867065,205.40114716782844,0
50.64052207455395,105.93556722280861,161.75490049160447,0
46.5947417126256,70.5961136533572,198.62731907829064,0
54.20321774494362,106.55900776529761,172.6336992233438,0
46.73688010348805,101.94736194718774,239.74551998461615,0
47.7690828339261,99.81291243554102,218.22725444349445,0
40.552296345272346,96.11481546911114,202.1150758254296,0
47.73846840375462,111.24112719986013,225.27413355309338,0
37.88060336685522,109.47526462122858,183.0736804506853,0
42.08048588257138,92.27122332176391,210.86958757340187,0
207.64105296328094,433.0247315737457,783.4510913193197,1
53.92900079325416,90.28343265458714,205.2804016266734,0
52.12728780892483,86.20381835211069,225.44707000213535,0
45.165119284353935,93.73282775410036,214.64984205559605,0
192.50784382911078,404.23200761177014,845.8005159895545,1
49.98198730454716,109.53125045376086,166.90225127543408,0
44.20817655403729,105.13085420097293,180.79907409441074,0
207.9179641280347,372.6346212254874,872.2932329821016,1
54.386811452878355,105.16178287114958,201.86744748553303,0
185.10853582100873,388.1385573113554,780.7602232913467,1
50.134429194972654,104.31922544673941,248.23353351156842,0
218.09514918518607,406.62970524043516,794.6756058409726,1
39.791325657878545,107.54291329813574,212.04236640784967,0
197.23364130838553,419.9304926779316,757.3899184339208,1
46.59007876001101,107.08303847201064,195.75582060197698,0
205.7941898289897,416.33735939064525,814.4205574358031,1
48.594498535570224,110.70150238316427,201.54961037037725,0
58.988432634247616,99.7347874075094,205.15505080285502,0
53.20421430633505,91.18125348772283,175.16478849036753,0
47.144105051086015,98.36933036056236,206.68352834489795,0
52.86291390678079,92.55097355193551,196.89481902350502,0
